"#","Listing ID","St","MLS Area","Address","# Beds","# Full Baths","# Half Baths","# Garage Spaces","Levels","Year Built","Acres","SqFt","List Price","LP$/SqFt","Close$/SqFt","Close Price","Close Date","DOM","CDOM"
"1","7743693","C","CM","111 Elm Hill Ct","8","5","2","0.0","2","1998","0.16000","4,000","$440,000","$110.00","$105.00","$420,000","03/28/2024","17","14"
"1","8928330","C","GU","5001 Redwood Rd","3","1","0","0.0","1","1975","0.50000","1,020","$210,000","$205.88","$205.88","$210,000","01/22/2024","44","41"
"1","9744318","C","GU","112 Discovery Ln","3","2","0","0.0","1","1985","0.43000","1,500","$305,000","$203.33","$176.67","$265,000","10/31/2023","5","4"
"1","4520589","C","GU","180 Dandelion Trl","3","2","0","2.0","1","2022","0.50000","1,375","$319,900","$232.65","$232.65","$319,900","12/12/2023","3","2"
"1","6731335","C","GU","423 Ridge Dr","3","2","0","2.0","1","1995","0.86000","1,710","$397,000","$232.16","$216.37","$370,000","11/20/2023","82","82"
"1","6758796","C","GU","1311 scull Rd","4","2","0","0.0","1","2022","10.01000","1,560","$499,900","$320.45","$320.45","$499,900","04/03/2024","105","105"
"1","4079771","C","GU","1660 Scull Rd","3","2","1","3.0","1","2018","10.50300","2,575","$915,000","$355.34","$349.51","$900,000","02/02/2024","68","65"
"1","5393221","C","HH","170 Gypsum Vly","3","2","1","0.0","2","2023","0.10100","1,360","$199,990","$147.05","$139.70","$189,990","01/23/2024","4","4"
"1","8140998","C","HH","597 Soapstone Pass","3","2","0","0.0","1","2023","0.10100","1,230","$199,990","$162.59","$158.53","$194,990","02/16/2024","20","20"
"1","1336921","C","HH","185 Gypsum Vly","3","2","1","1.0","2","2023","0.10100","1,189","$206,990","$174.09","$164.00","$195,000","01/23/2024","7","7"
"1","6014726","C","HH","125 Gabbro Gdns","3","2","0","0.0","1","2023","0.10100","1,450","$239,990","$165.51","$134.66","$195,260","12/27/2023","12","12"
"1","4949147","C","HH","124 Gypsum Vly","3","2","1","1.0","2","2023","0.10100","1,189","$199,990","$168.20","$168.20","$199,990","02/21/2024","33","33"
"1","8294287","C","HH","214 Gypsum Vly","3","2","1","1.0","2","2023","0.10100","1,360","$199,990","$147.05","$147.05","$199,990","01/17/2024","15","15"
"1","5228880","C","HH","267 Gypsum Vly","3","2","0","0.0","1","2023","0.10100","1,450","$246,990","$170.34","$137.92","$199,990","12/29/2023","12","12"
"1","4110697","C","HH","239 Gypsum Vly","3","2","0","0.0","1","2023","0.10100","1,450","$246,990","$170.34","$137.92","$199,990","01/15/2024","12","12"
"1","4197630","C","HH","222 Gypsum Vly","3","2","0","0.0","1","2023","0.10100","1,450","$244,990","$168.96","$137.92","$199,990","01/02/2024","12","12"
"1","3831154","C","HH","171 Gypsum Vly","3","2","0","0.0","1","2023","0.10100","1,230","$199,990","$162.59","$162.59","$199,990","01/15/2024","39","39"
"1","4783893","C","HH","200 Gypsum Vly","3","2","0","0.0","1","2023","0.10100","1,450","$239,990","$165.51","$137.92","$199,990","12/29/2023","20","20"
"1","5389090","C","HH","182 Amber Gln","3","2","1","1.0","2","2024","0.10100","1,189","$201,990","$169.88","$169.88","$201,990","04/03/2024","45","45"
"1","4187140","C","HH","139 Gabbro Gdns","3","2","1","1.0","2","2023","0.10100","1,360","$215,990","$158.82","$150.74","$205,000","11/21/2023","21","21"
"1","5775799","C","HH","238 Gypsum Valley","2","2","1","1.0","2","2022","0.10100","1,189","$205,990","$173.25","$173.25","$205,990","01/02/2024","35","35"
"1","3687156","C","HH","163 Gypsum Vly","4","2","1","1.0","2","2023","0.10100","1,530","$209,990","$137.25","$137.25","$209,990","02/01/2024","15","15"
"1","9959177","C","HH","350 Gypsum Valley","3","2","0","0.0","1","2022","0.10100","1,550","$225,490","$145.48","$135.63","$210,220","11/20/2023","37","37"
"1","5533740","C","HH","108 Gabbro Gdns","3","2","1","0.0","2","2023","0.12600","1,427","$211,990","$148.56","$148.56","$211,990","11/22/2023","25","25"
"1","2664822","C","HH","132 Gabbro Gdns","3","2","0","0.0","1","2023","0.10100","1,450","$231,990","$159.99","$149.65","$216,990","11/21/2023","23","23"
"1","2955433","C","HH","222 Gypsum Vly","3","2","0","2.0","1","2023","0.10100","1,450","$225,000","$155.17","$150.34","$218,000","04/04/2024","5","5"
"1","1594353","C","HH","147 Gypsum Vly","3","2","1","0.0","2","2023","0.10100","1,427","$224,990","$157.67","$153.46","$218,990","02/14/2024","17","17"
"1","4158169","C","HH","575 Soapstone Pass","3","2","1","0.0","2","2024","0.10100","1,427","$219,990","$154.16","$154.16","$219,990","02/21/2024","3","3"
"1","7874072","C","HH","242 Amber Glen","3","2","0","2.0","1","2023","0.10100","1,016","$219,990","$216.53","$216.53","$219,990","02/23/2024","10","10"
"1","7661595","C","HH","133 Gabbro Gdns","3","2","0","2.0","1","2023","0.10100","1,440","$269,990","$187.49","$152.77","$219,990","11/29/2023","20","20"
"1","6707320","C","HH","154 Gabbro Gdns","3","2","0","0.0","1","2023","0.10100","1,450","$254,990","$175.86","$153.79","$222,990","11/14/2023","22","22"
"1","3496262","C","HH","207 Gypsum Vly","3","2","1","1.0","2","2023","0.10100","1,360","$230,990","$169.85","$166.17","$225,990","12/20/2023","11","11"
"1","7942822","C","HH","231 Gabbro Gdns","4","2","1","1.0","2","2023","0.10100","1,530","$225,990","$147.71","$147.71","$225,990","11/21/2023","21","21"
"1","8924146","C","HH","537 Soapstone Pass","4","2","1","1.0","2","2023","0.10100","1,530","$241,990","$158.16","$148.18","$226,720","02/23/2024","20","20"
"1","9770757","C","HH","246 Gypsum Vly","3","2","1","0.0","2","2023","0.10100","1,427","$224,990","$157.67","$160.28","$228,720","01/24/2024","43","43"
"1","2908084","C","HH","229 Amber Gln","3","2","0","0.0","1","2024","0.10100","1,450","$229,990","$158.61","$158.61","$229,990","02/28/2024","3","3"
"1","5473190","C","HH","176 Gypsum Vly","3","2","0","0.0","1","2023","0.10100","1,450","$239,990","$165.51","$158.61","$229,990","12/26/2023","10","10"
"1","4176667","C","HH","192 Gypsum Vly","4","2","1","1.0","2","2023","0.10100","1,530","$240,990","$157.51","$154.24","$235,990","01/15/2024","11","11"
"1","8656753","C","HH","341 Amber Gln","3","2","0","2.0","1","2023","0.10100","1,440","$271,990","$188.88","$163.88","$235,990","11/30/2023","18","18"
"1","6045984","C","HH","116 Gabbro Gdns","3","2","0","2.0","1","2023","0.10100","1,440","$265,990","$184.72","$163.88","$235,990","11/22/2023","15","15"
"1","9148503","C","HH","591 Soapstone Pass","3","2","0","2.0","1","2023","0.10100","1,266","$239,990","$189.57","$189.57","$239,990","02/27/2024","11","11"
"1","8435898","C","HH","162 Gypsum Vly","3","2","0","2.0","1","2023","0.10100","1,440","$271,990","$188.88","$166.66","$239,990","01/31/2024","40","40"
"1","1903213","C","HH","617 Soapstone Pass","3","2","0","2.0","1","2024","0.10100","1,266","$241,990","$191.15","$191.15","$241,990","02/23/2024","3","3"
"1","4156142","C","HH","193 Gypsum Vly","4","2","0","0.0","2","2023","0.10100","1,879","$241,990","$128.79","$128.79","$241,990","02/26/2024","56","56"
"1","2300759","C","HH","216 Gabbro Gdns","3","2","1","1.0","2","2023","0.10000","1,360","$244,990","$180.14","$180.14","$244,990","10/20/2023","50","50"
"1","8328519","C","HH","208 Gabbro Gdns","3","2","0","2.0","1","2023","0.10000","1,266","$246,990","$195.09","$195.09","$246,990","11/16/2023","47","47"
"1","6087694","C","HH","227 Hay Barn St","2","2","0","2.0","1","2008","0.10870","1,025","$249,900","$243.80","$243.80","$249,900","01/29/2024","38","38"
"1","8283467","C","HH","333 Amber Gln","4","2","1","2.0","2","2023","0.12600","1,950","$318,990","$163.58","$128.20","$249,990","11/30/2023","45","45"
"1","6545328","C","HH","185 Gabbro Gdns","3","2","1","1.0","2","2023","0.10100","1,530","$254,990","$166.66","$163.39","$249,990","10/30/2023","7","7"
"1","3018516","C","HH","192 Gabbro Gdns","4","2","1","1.0","2","2023","0.10000","1,530","$259,990","$169.93","$166.01","$253,990","11/08/2023","22","22"
"1","1825782","C","HH","332 Amber Gln","4","2","0","2.0","1","2023","0.10100","1,627","$284,990","$175.16","$156.56","$254,720","11/29/2023","28","28"
"1","4994039","C","HH","177 Gabbro Gdns","3","2","0","2.0","2","2023","0.10100","1,440","$261,990","$181.94","$177.26","$255,260","11/29/2023","2","2"
"1","3163111","C","HH","2828 Brand Iron Dr","2","2","0","0.0","1","2021","0.08340","1,026","$259,900","$253.31","$250.49","$257,000","11/20/2023","67","64"
"1","3636801","C","HH","1015 Sand Post Pl","3","2","1","0.0","2","2018","0.07540","1,301","$259,900","$199.77","$198.31","$258,000","03/08/2024","95","95"
"1","4129349","C","HH","206 Gypsum Vly","3","2","0","2.0","1","2023","0.10100","1,266","$256,990","$202.99","$206.94","$261,990","01/02/2024","39","39"
"1","1816775","C","HH","225 Sonterra Dr","3","2","0","2.0","1","2024","0.12000","1,645","$293,990","$178.72","$164.13","$269,990","03/01/2024","15","15"
"1","6289578","C","HH","340 Sonterra Dr","3","2","0","2.0","1","2024","0.12000","1,447","$299,990","$207.32","$186.59","$269,990","02/27/2024","10","10"
"1","1417035","C","HH","281 Amber Glen","4","2","1","2.0","2","2023","0.10100","1,687","$279,990","$165.97","$160.04","$269,990","02/23/2024","31","31"
"1","4908468","C","HH","545 Soapstone Pass","3","2","0","2.0","1","2023","0.10100","1,440","$269,990","$187.49","$187.49","$269,990","11/28/2023","24","24"
"1","9676004","C","HH","112 Pronghorn Cir","3","2","0","2.0","1","2020","0.13560","1,273","$295,000","$231.74","$218.38","$278,000","11/13/2023","66","66"
"1","4398579","C","HH","336 Sonterra Dr","3","2","0","2.0","1","2024","0.12000","1,312","$282,990","$215.69","$213.41","$279,990","02/27/2024","14","14"
"1","1129108","C","HH","247 Gypsum Vly","4","2","1","2.0","2","2023","0.10100","1,950","$299,990","$153.84","$143.58","$279,990","01/31/2024","43","43"
"1","8944423","C","HH","109 Gabbro Gdns","4","2","1","2.0","2","2023","0.10100","1,950","$322,990","$165.64","$143.58","$279,990","02/29/2024","19","19"
"1","5354582","C","HH","109 Winged Foot Cv","3","2","1","2.0","2","2024","0.00400","2,104","$366,720","$174.30","$133.08","$280,000","03/29/2024","5","5"
"1","4392822","C","HH","371 Amber Glen","3","2","0","2.0","2","2023","0.10100","1,440","$281,590","$195.55","$195.55","$281,590","11/28/2023","15","15"
"1","4924191","C","HH","329 Sonterra Dr","3","2","0","2.0","1","2023","0.16000","1,312","$282,620","$215.41","$215.41","$282,620","01/23/2024","75","75"
"1","6892249","C","HH","366 Fairlawn Way","3","2","0","2.0","1","2023","0.10360","1,076","$286,900","$266.64","$262.92","$282,900","04/16/2024","18","18"
"1","2968277","C","HH","208 Sonterra Dr","3","2","1","2.0","2","2024","0.00400","2,104","$282,990","$134.50","$134.50","$282,990","04/16/2024","33","33"
"1","6636931","C","HH","175 Friendship Oak Dr","3","2","1","0.0","2","2017","0.07500","1,410","$295,000","$209.22","$201.95","$284,750","11/30/2023","134","134"
"1","1590329","C","HH","109 Gypsum Vly","4","2","1","2.0","2","2024","0.10100","1,950","$284,990","$146.15","$146.15","$284,990","02/22/2024","3","3"
"1","6912786","C","HH","333 Sonterra Dr","3","2","0","2.0","1","2023","0.11000","1,645","$299,890","$182.30","$174.77","$287,490","12/21/2023","12","12"
"1","5068664","C","HH","220 Amber Gln","4","2","1","2.0","2","2024","0.10000","1,997","$294,720","$147.58","$144.22","$288,000","04/15/2024","26","26"
"1","3739330","C","HH","313 Sonterra Dr","3","2","0","2.0","1","2023","0.13700","1,447","$303,890","$210.01","$199.65","$288,890","12/20/2023","29","29"
"1","7368881","C","HH","2708 Brand Iron Dr","3","2","1","0.0","2","2022","0.07000","1,310","$289,000","$220.61","$220.61","$289,000","10/31/2023","90","90"
"1","5921792","C","HH","316 Amber Gln","4","2","1","2.0","2","2023","0.10100","1,687","$293,990","$174.27","$171.90","$289,990","11/20/2023","10","10"
"1","5523310","C","HH","325 Sonterra Dr","3","2","0","2.0","1","2022","0.11000","1,645","$289,990","$176.29","$176.29","$289,990","11/27/2023","41","41"
"1","8953171","C","HH","140 DOCILE Loop","3","2","0","2.0","1","2023","0.13700","1,455","$305,990","$210.30","$199.31","$290,000","11/17/2023","11","11"
"1","4201212","C","HH","376 Witchhazel Way","3","2","1","0.0","2","2023","0.08000","1,310","$290,900","$222.06","$222.06","$290,900","12/28/2023","14","14"
"1","8389638","C","HH","308 Sonterra Dr","3","2","0","2.0","1","2023","0.16000","1,645","$296,620","$180.32","$176.89","$290,990","02/28/2024","15","15"
"1","8451422","C","HH","237 SKY MEADOWS Cir","3","2","0","2.0","1","2023","0.13900","1,622","$314,990","$194.20","$179.41","$291,000","03/28/2024","51","51"
"1","5006836","C","HH","108 DOCILE Loop","3","2","0","2.0","1","2023","0.13700","1,455","$310,990","$213.74","$200.78","$292,137","11/22/2023","9","9"
"1","2411861","C","HH","324 Sonterra Dr","3","2","0","2.0","1","2023","0.11000","1,440","$297,990","$206.94","$203.47","$292,990","02/01/2024","68","68"
"1","2171567","C","HH","217 BRIGGS Ln","3","2","0","2.0","1","2023","0.13700","1,455","$309,990","$213.05","$202.74","$294,990","12/01/2023","16","16"
"1","6534779","C","HH","209 Sonterra Dr","3","2","0","2.0","1","2023","0.14000","1,645","$310,990","$189.05","$179.93","$295,990","02/21/2024","33","33"
"1","9101221","C","HH","160 DOCILE Loop","3","2","0","2.0","1","2023","0.12900","1,455","$310,990","$213.74","$203.43","$295,990","02/01/2024","121","146"
"1","1941612","C","HH","309 Sonterra Dr","3","2","0","2.0","1","2023","0.13700","1,312","$297,890","$227.05","$227.05","$297,890","11/29/2023","13","13"
"1","4734721","C","HH","198 Amber Gln","4","2","0","2.0","1","2024","0.11000","1,638","$297,990","$181.92","$181.92","$297,990","04/01/2024","13","13"
"1","9062012","C","HH","353 Sonterra Dr","3","2","1","2.0","2","2023","0.16000","2,104","$326,770","$155.31","$142.35","$299,500","01/29/2024","90","90"
"1","1968629","C","HH","221 Sonterra Dr","4","2","0","2.0","1","2024","0.12000","1,815","$300,990","$165.83","$165.83","$300,990","02/28/2024","16","16"
"1","4631251","C","HH","108 BETHPAGE Dr","3","2","0","2.0","1","2023","0.18300","1,622","$321,737","$198.36","$186.03","$301,737","11/30/2023","67","67"
"1","6554708","C","HH","321 CALLADO Cir","3","2","0","2.0","1","2023","0.19300","1,623","$309,990","$191.00","$186.69","$303,000","10/30/2023","8","8"
"1","1348865","C","HH","120 BRIGGS Ln","3","2","0","2.0","1","2023","0.13900","1,455","$317,990","$218.55","$209.62","$305,000","02/27/2024","39","39"
"1","2095916","C","HH","105 ESCALA Way","4","2","0","2.0","1","2023","0.17000","1,922","$362,202","$188.45","$158.87","$305,350","12/21/2023","55","55"
"1","6206266","C","HH","113 ESCALA Way","3","2","0","2.0","1","2023","0.13700","1,622","$323,138","$199.22","$188.74","$306,132","12/03/2023","53","54"
"1","7153605","C","HH","328 Sonterra Dr","3","2","0","2.0","1","2024","0.12000","1,447","$306,990","$212.16","$212.16","$306,990","03/20/2024","16","16"
"1","2887607","C","HH","316 CALLADO Cir","3","2","0","2.0","1","2023","0.13700","1,622","$310,990","$191.73","$189.27","$306,990","12/14/2023","13","13"
"1","7045339","C","HH","321 Sonterra Dr","3","2","0","2.0","1","2022","0.13700","1,895","$309,990","$163.58","$163.53","$309,890","11/21/2023","33","33"
"1","5499270","C","HH","219 CALLADO Cir","3","2","0","2.0","1","2023","0.13900","1,622","$315,990","$194.82","$191.12","$309,990","04/10/2024","36","36"
"1","2892307","C","HH","2772 Brand Iron Dr","2","2","1","2.0","2","2023","0.08000","1,155","$310,000","$268.40","$268.40","$310,000","02/23/2024","158","158"
"1","6959633","C","HH","216 BALLYNEAL Ln","3","2","0","2.0","1","2023","0.13700","1,455","$316,990","$217.86","$213.06","$310,000","10/27/2023","66","66"
"1","1334000","C","HH","369 Sonterra Dr","4","3","0","2.0","1","2023","0.15000","1,966","$331,890","$168.81","$158.64","$311,890","11/21/2023","12","12"
"1","1686898","C","HH","121 ESCALA Way","3","2","0","2.0","1","2023","0.13700","1,455","$315,990","$217.18","$214.43","$312,000","03/29/2024","77","77"
"1","2790665","C","HH","1325 Blue Oak Blvd","3","2","0","2.0","1","2022","0.16000","1,597","$324,000","$202.88","$196.62","$314,000","02/28/2024","588","588"
"1","6684735","C","HH","237 BETHPAGE Dr","3","2","0","2.0","1","2023","0.15150","1,622","$314,990","$194.20","$194.20","$314,990","10/30/2023","19","19"
"1","5070178","C","HH","121 Solitude Dr","4","2","0","2.0","1","2021","0.16700","1,739","$315,000","$181.14","$181.14","$315,000","04/12/2024","94","91"
"1","7000429","C","HH","705 Harwood Dr","3","2","0","2.0","1","2012","0.14700","1,975","$315,000","$159.49","$159.49","$315,000","01/31/2024","175","175"
"1","9214211","C","HH","214 BRIGGS Ln","3","2","0","2.0","1","2023","0.16500","1,622","$316,990","$195.43","$195.43","$316,990","10/27/2023","35","35"
"1","1277706","C","HH","120 Vintage Dr","4","3","0","2.0","1","2021","0.12620","2,024","$320,000","$158.10","$156.87","$317,500","03/08/2024","19","18"
"1","2328597","C","HH","229 BETHPAGE Dr","4","2","0","2.0","1","2023","0.13700","1,845","$316,990","$171.81","$172.47","$318,207","01/19/2024","17","17"
"1","6926263","C","HH","337 Sonterra Dr","4","3","0","2.0","1","2023","0.16000","2,022","$329,890","$163.15","$158.20","$319,890","12/21/2023","47","47"
"1","2796097","C","HH","516 Lacey Oak Loop","3","2","0","2.0","1","2019","0.15010","1,593","$324,000","$203.39","$200.88","$320,000","11/14/2023","32","31"
"1","1569835","C","HH","116 BRIGGS Ln","4","2","0","2.0","1","2023","0.11500","1,845","$346,990","$188.07","$176.15","$325,000","02/28/2024","74","76"
"1","3394560","C","HH","164 DOCILE Loop","4","2","0","2.0","1","2023","0.13700","1,845","$339,990","$184.28","$176.15","$325,000","01/16/2024","37","37"
"1","5252112","C","HH","304 Sonterra Dr","4","3","0","2.0","1","2023","0.14000","1,966","$325,390","$165.51","$165.51","$325,390","01/17/2024","1","1"
"1","7098610","C","HH","212 Sonterra Dr","4","3","0","2.0","1","2024","0.12000","1,966","$325,990","$165.81","$165.81","$325,990","03/20/2024","12","12"
"1","2378172","C","HH","241 BRIGGS Ln","4","2","0","2.0","1","2023","0.15100","1,845","$335,990","$182.11","$176.69","$325,990","10/25/2023","63","63"
"1","5826521","C","HH","124 BETHPAGE Dr","4","2","0","2.0","1","2023","0.16200","1,922","$333,990","$173.77","$171.18","$329,000","01/25/2024","14","14"
"1","6284069","C","HH","105 MEDINAH Ln","4","2","0","2.0","1","2023","0.18100","1,922","$357,990","$186.26","$171.70","$330,000","12/21/2023","38","38"
"1","7893937","C","HH","854 Blue Oak Blvd","3","2","0","2.0","1","2023","0.12400","1,705","$369,142","$216.51","$193.55","$330,000","01/31/2024","329","329"
"1","3407087","C","HH","379 Witchhazel Way","2","2","0","2.0","1","2023","0.08000","1,188","$340,000","$286.20","$280.51","$333,250","12/28/2023","167","167"
"1","7115527","C","HH","332 Sonterra Dr","4","3","0","2.0","1","2023","0.16000","2,022","$333,990","$165.18","$165.18","$333,990","02/08/2024","46","46"
"1","9417240","C","HH","1333 Blue Oak Blvd","3","2","0","2.0","1","2022","0.16000","1,765","$334,000","$189.24","$189.24","$334,000","03/15/2024","641","641"
"1","7771186","C","HH","308 CALLADO Cir","4","2","0","2.0","1","2023","0.17400","1,845","$340,990","$184.82","$182.11","$335,990","11/14/2023","107","107"
"1","9020905","C","HH","144 BALLYNEAL Ln","4","2","0","2.0","1","2023","0.13700","1,922","$335,990","$174.81","$174.81","$335,990","10/31/2023","188","188"
"1","6360423","C","HH","168 DOCILE Loop","4","2","0","2.0","1","2023","0.13700","1,922","$347,480","$180.79","$175.18","$336,692","03/05/2024","67","67"
"1","9396132","C","HH","325 CALLADO Cir","4","2","0","2.0","1","2023","0.15100","1,845","$333,990","$181.02","$182.66","$337,000","11/17/2023","35","35"
"1","9452556","C","HH","803 Stampede Rd","3","2","1","2.0","1","2015","0.12500","1,717","$345,000","$200.93","$196.85","$338,000","04/02/2024","15","15"
"1","1424120","C","HH","125 BRIGGS Ln","4","2","0","2.0","1","2023","0.15000","1,845","$344,990","$186.99","$183.20","$338,000","12/13/2023","5","5"
"1","2377591","C","HH","113 BRIGGS Ln","4","3","0","2.0","1","2023","0.15000","2,096","$362,330","$172.87","$162.21","$340,000","03/04/2024","69","69"
"1","6697466","C","HH","209 BRIGGS Ln","4","3","0","2.0","1","2023","0.15000","2,096","$361,340","$172.40","$162.21","$340,000","02/29/2024","78","78"
"1","5510238","C","HH","733 Blue Oak Blvd","4","2","0","2.0","1","2020","0.12640","1,850","$340,000","$183.78","$183.78","$340,000","03/18/2024","115","115"
"1","7986961","C","HH","1069 Blue Oak Blvd","3","2","0","2.0","1","2023","0.12400","1,705","$368,389","$216.06","$199.41","$340,000","12/15/2023","294","294"
"1","6722086","C","HH","1321 Blue Oak Blvd","3","2","0","2.0","1","2022","0.15000","1,765","$349,000","$197.73","$193.20","$341,000","12/14/2023","428","428"
"1","8917568","C","HH","341 Sonterra Dr","3","2","1","2.0","2","2023","0.17000","2,104","$361,890","$172.00","$162.50","$341,890","12/01/2023","18","18"
"1","9203858","C","HH","345 Sonterra Dr","4","2","1","2.0","2","2023","0.16000","2,522","$342,990","$136.00","$136.00","$342,990","01/04/2024","8","8"
"1","4552920","C","HH","109 ESCALA Way","4","2","0","2.0","1","2023","0.13700","1,845","$346,990","$188.07","$188.07","$346,990","11/09/2023","60","60"
"1","7629583","C","HH","141 DOCILE Loop","4","2","0","2.0","1","2023","0.16500","1,845","$346,990","$188.07","$188.61","$347,990","12/01/2023","46","46"
"1","7006300","C","HH","383 Witchhazel Way","3","2","0","2.0","1","2024","0.15000","1,500","$349,000","$232.67","$232.67","$349,000","02/29/2024","54","54"
"1","5375149","C","HH","320 CALLADO Cir","4","2","0","2.0","1","2023","0.13700","1,922","$350,990","$182.62","$182.10","$349,990","12/30/2023","2","2"
"1","6164638","C","HH","112 DOCILE Loop","4","2","0","2.0","1","2023","0.13900","1,922","$356,990","$185.74","$182.10","$350,000","03/22/2024","114","114"
"1","7247261","C","HH","603 Blue Oak Blvd","3","2","0","3.0","1","2020","0.14240","1,979","$394,999","$199.60","$176.86","$350,000","03/22/2024","157","157"
"1","3903408","C","HH","348 Lacey Oak Loop","3","2","0","2.0","1","2019","0.17600","1,825","$350,000","$191.78","$191.78","$350,000","11/20/2023","60","59"
"1","3985569","C","HH","236 BETHPAGE Dr","4","3","0","2.0","1","2023","0.16500","2,096","$360,990","$172.23","$166.98","$350,000","10/26/2023","31","31"
"1","1420955","C","HH","320 Chaste Tree Dr","3","2","0","2.5","1","2023","0.13000","1,808","$410,998","$227.32","$193.58","$350,000","10/27/2023","244","244"
"1","6674722","C","HH","105 Ladolia Ln","3","2","0","2.0","1","2022","0.15000","1,765","$359,000","$203.40","$198.30","$350,000","11/27/2023","490","490"
"1","1701581","C","HH","104 Ladolia Ln","3","2","0","2.0","1","2022","0.18000","1,825","$355,000","$194.52","$191.78","$350,000","10/27/2023","469","469"
"1","4860558","C","HH","133 ESCALA Way","4","2","0","2.0","1","2023","0.13900","1,863","$354,410","$190.24","$188.31","$350,828","03/08/2024","43","43"
"1","3671620","C","HH","1054 Blue Oak Blvd","3","2","0","2.0","1","2023","0.12400","1,705","$372,439","$218.44","$206.45","$352,000","03/29/2024","372","372"
"1","9383877","C","HH","240 BETHPAGE Dr","4","2","0","2.0","1","2023","0.16500","1,863","$357,990","$192.16","$191.38","$356,545","03/29/2024","71","71"
"1","4605758","C","HH","449 Chaste Tree Dr","3","2","1","2.0","2","2022","0.15000","2,015","$358,000","$177.67","$177.67","$358,000","12/21/2023","511","511"
"1","8933633","C","HH","622 Golden Grove Pkwy","4","3","0","2.0","2","2021","0.15710","2,560","$359,990","$140.62","$140.62","$359,990","03/07/2024","68","68"
"1","6236926","C","HH","235 Callado Cir","4","3","0","2.0","1","2023","0.13700","2,096","$360,990","$172.23","$172.23","$360,990","10/26/2023","46","46"
"1","9835413","C","HH","1025 Blue Oak Blvd","3","2","0","2.0","1","2023","0.12400","1,666","$369,514","$221.80","$217.50","$362,354","02/28/2024","349","349"
"1","2012692","C","HH","129 Alba Ave","3","2","0","2.0","1","2021","0.17180","1,796","$375,000","$208.80","$202.12","$363,000","03/01/2024","19","19"
"1","7488215","C","HH","365 Sonterra Dr","4","3","0","2.0","1","2022","0.11000","2,022","$364,990","$180.51","$180.51","$364,990","11/21/2023","13","13"
"1","1768306","C","HH","417 Chaste Tree Dr","3","2","0","2.0","1","2023","0.13000","1,820","$378,950","$208.21","$200.55","$365,000","03/28/2024","151","151"
"1","2867965","C","HH","115 Fence Line Dr","4","2","1","2.0","2","2013","0.13900","2,328","$365,000","$156.79","$156.79","$365,000","11/22/2023","75","74"
"1","8203478","C","HH","123 BETHPAGE Dr","4","3","0","2.0","2","2023","0.16500","2,372","$366,990","$154.72","$154.72","$366,990","10/31/2023","41","41"
"1","2079016","C","HH","841 Blue Oak Blvd","3","2","0","2.0","1","2023","0.12400","1,705","$369,683","$216.82","$215.93","$368,153","12/12/2023","261","261"
"1","2138311","C","HH","375 Witchhazel Way","3","2","0","2.0","1","2023","0.12000","1,604","$369,000","$230.05","$230.05","$369,000","03/28/2024","16","16"
"1","2873575","C","HH","535 Golden Grove Pkwy","4","3","0","2.0","2","2021","0.17770","2,509","$378,000","$150.66","$147.47","$370,000","04/04/2024","174","174"
"1","9004183","C","HH","232 BETHPAGE Dr","4","3","0","2.0","2","2023","0.16500","2,372","$384,110","$161.94","$155.99","$370,000","03/22/2024","254","254"
"1","6110393","C","HH","224 BALLYNEAL Ln","4","3","0","2.0","2","2023","0.15000","2,576","$382,990","$148.68","$144.02","$371,000","02/09/2024","123","123"
"1","8815052","C","HH","1044 Blue Oak Blvd","3","2","0","2.0","1","2023","0.12400","1,666","$373,294","$224.07","$224.07","$373,294","10/23/2023","196","196"
"1","9506101","C","HH","2633 Brand Iron Dr","3","2","1","2.0","2","2023","0.17000","1,848","$375,000","$202.92","$202.92","$375,000","02/23/2024","153","153"
"1","2003594","C","HH","113 Split Rail Dr","4","2","1","2.0","2","2008","0.16930","2,213","$385,000","$173.97","$169.45","$375,000","11/21/2023","155","152"
"1","2567675","C","HH","113 DOCILE Loop","4","3","0","2.0","2","2023","0.13700","2,372","$381,990","$161.04","$158.95","$377,025","03/29/2024","77","77"
"1","2851686","C","HH","113 Durata","4","2","1","2.0","2","2017","0.13150","2,786","$379,000","$136.04","$136.04","$379,000","02/06/2024","76","76"
"1","7356917","C","HH","405 Chaste Tree Dr","3","2","0","2.0","1","2023","0.00000","1,954","$399,998","$204.71","$199.59","$390,000","12/29/2023","100","100"
"1","9010701","C","HH","2625 Brand Iron Dr","4","2","1","2.0","2","2023","0.11000","2,275","$389,000","$170.99","$171.44","$390,030","10/20/2023","42","42"
"1","8122678","C","HH","411 Horsemint Way","3","2","1","2.0","2","2022","0.16200","2,134","$411,900","$193.02","$185.05","$394,900","02/13/2024","246","246"
"1","8967317","C","HH","120 DOCILE Loop","4","3","0","2.0","2","2023","0.19000","2,576","$407,757","$158.29","$153.34","$395,000","12/28/2023","4","4"
"1","1707362","C","HH","140 BALLYNEAL Ln","4","3","0","2.0","2","2023","0.13700","2,576","$396,757","$154.02","$154.02","$396,757","11/03/2023","73","73"
"1","2459838","C","HH","1341 Blue Oak Blvd","4","3","0","2.0","2","2022","0.16000","2,503","$399,000","$159.41","$158.61","$397,000","12/22/2023","481","481"
"1","3513876","C","HH","428 Chaste Tree Dr","4","3","0","2.0","2","2022","0.16000","2,503","$399,000","$159.41","$158.61","$397,000","12/22/2023","514","514"
"1","7932320","C","HH","615 Blue Oak Blvd","3","2","0","2.0","1","2023","0.13310","1,800","$398,900","$221.61","$221.61","$398,900","12/29/2023","272","272"
"1","8481364","C","HH","204 Sawtooth Dr","3","2","0","3.0","1","2016","0.14200","2,041","$399,000","$195.49","$195.49","$399,000","03/14/2024","72","415"
"1","5927694","C","HH","220 BRIGGS Ln","5","3","0","2.0","2","2023","0.16600","2,733","$418,777","$153.23","$146.36","$400,000","03/12/2024","51","51"
"1","7240436","C","HH","422 Horsemint Way","3","2","1","2.0","2","2022","0.18300","2,134","$400,900","$187.86","$187.86","$400,900","02/15/2024","26","173"
"1","9688297","C","HH","416 Chaste Tree Dr","3","3","0","2.0","1","2023","0.13000","1,770","$424,950","$240.08","$227.38","$402,460","03/12/2024","88","88"
"1","3661248","C","HH","705 Blue Oak Blvd","4","2","1","2.0","2","2020","0.18200","2,545","$415,000","$163.06","$159.14","$405,000","03/25/2024","17","7"
"1","2903209","C","HH","926 Blue Oak Blvd","4","3","0","2.0","2","2023","0.12340","2,321","$409,287","$176.34","$175.91","$408,287","04/11/2024","394","394"
"1","8095117","C","HH","3324 Jacob Ln","3","2","0","2.0","1","2023","0.15000","1,669","$409,900","$245.60","$245.60","$409,900","04/05/2024","10","206"
"1","1354457","C","HH","154 Angel Oak Way","3","2","0","2.0","1","2023","0.23900","1,619","$419,900","$259.36","$259.36","$419,900","11/27/2023","66","66"
"1","9478416","C","HH","1114 Blue Oak Blvd","4","3","0","2.0","2","2022","0.12300","2,570","$444,900","$173.11","$164.07","$421,663","10/26/2023","95","95"
"1","3780459","C","HH","764 Blue Oak Blvd","3","2","0","2.0","1","2019","0.14160","1,984","$489,900","$246.93","$214.16","$424,900","10/31/2023","29","29"
"1","5435967","C","HH","1110 Blue Oak Blvd","3","2","0","2.0","1","2023","0.12400","2,026","$424,900","$209.72","$209.72","$424,900","10/26/2023","149","149"
"1","4677368","C","HH","436 Ancient Oak Way","4","3","0","2.0","1","2016","0.16570","2,330","$447,500","$192.06","$187.55","$437,000","11/09/2023","62","62"
"1","1013943","C","HH","1049 Blue Oak Blvd","3","2","0","2.0","1","2023","0.12400","1,950","$447,900","$229.69","$225.38","$439,500","11/27/2023","360","360"
"1","7891762","C","HH","4534 Royal Oak Blvd","3","2","1","2.0","2","2024","0.00000","2,222","$439,998","$198.02","$198.02","$439,998","01/31/2024","208","208"
"1","4698046","C","HH","3329 Jacob Ln","3","2","1","2.0","2","2022","0.19000","2,134","$459,900","$215.51","$210.82","$449,900","11/08/2023","388","388"
"1","3921630","C","HH","142 Angel Oak Way","4","2","0","2.0","1","2023","0.26400","1,925","$450,900","$234.23","$234.23","$450,900","03/28/2024","0","118"
"1","1292714","C","HH","3328 Jacob Ln","4","2","0","2.0","1","2023","0.28000","1,925","$454,900","$236.31","$236.31","$454,900","12/19/2023","5","116"
"1","1518161","C","HH","153 Angel Oak Way","4","2","0","2.0","1","2023","0.32000","1,925","$459,900","$238.91","$238.91","$459,900","11/06/2023","0","62"
"1","8276495","C","HH","150 Angel Oak Way","3","2","0","2.0","1","2023","0.37900","1,801","$460,900","$255.91","$255.91","$460,900","11/16/2023","31","31"
"1","8180747","C","HH","1066 Blue Oak Blvd","4","3","1","2.5","2","2023","0.17830","2,843","$493,662","$173.64","$164.38","$467,321","12/28/2023","6","6"
"1","1856998","C","HH","422 Field Corn Ln","6","3","0","3.0","2","2015","0.31840","3,143","$485,000","$154.31","$148.74","$467,500","01/18/2024","78","78"
"1","6706637","C","HH","1029 Blue Oak Blvd","4","3","1","2.0","2","2023","0.13390","2,843","$476,057","$167.45","$166.14","$472,337","10/24/2023","203","203"
"1","9964481","C","HH","3336 Jacob Ln","3","2","1","2.0","2","2023","0.47000","2,134","$479,900","$224.88","$224.88","$479,900","12/08/2023","0","0"
"1","7705186","C","HH","112 Golden Grove Pkwy","5","3","1","2.0","2","2022","0.13700","2,956","$492,840","$166.73","$166.73","$492,840","03/20/2024","16","16"
"1","3067320","C","HH","4438 Royal Oak Blvd","4","4","0","2.0","2","2023","0.14130","3,111","$559,900","$179.97","$177.40","$551,900","01/12/2024","152","150"
"1","7723617","C","HH","818 Jesse Trl","4","3","1","2.0","2","2015","0.37360","3,297","$585,000","$177.43","$167.42","$552,000","01/29/2024","0","183"
"1","9563600","C","HH","3001 Brand Iron Dr","4","3","1","3.0","2","2016","0.34590","3,121","$569,900","$182.60","$177.35","$553,500","01/08/2024","156","156"
"1","3774617","C","HH","913 Owl Hol Rd","8","6","1","0.0","1","1994","5.18000","3,868","$1,095,000","$283.09","$283.09","$1,095,000","11/09/2023","63","63"
"1","5587760","C","HS","415 Candlelight Ln","4","2","0","0.0","2","1975","0.25450","1,750","$179,000","$102.29","$93.14","$163,000","11/22/2023","11","22"
"1","7669943","C","HS","1507 Mockingbird Dr","2","2","0","2.0","1","1989","0.20490","1,339","$190,000","$141.90","$124.72","$167,000","12/08/2023","15","15"
"1","4489181","C","HS","715 Alabama St","3","1","1","0.0","1","1960","0.12600","1,200","$175,000","$145.83","$146.67","$176,000","12/01/2023","5","5"
"1","3412997","C","HS","1918 Nevada St","3","2","0","2.0","1","1980","0.19780","1,238","$230,000","$185.78","$169.22","$209,500","01/19/2024","26","25"
"1","7519838","C","HS","2006 Castle Gate Cir","2","1","0","1.0","1","1987","0.14740","952","$221,000","$232.14","$223.21","$212,500","01/19/2024","64","64"
"1","9586538","C","HS","803 Barbara Dr","3","1","0","0.0","1","1960","0.17570","970","$199,900","$206.08","$226.80","$220,000","01/11/2024","7","7"
"1","6594217","C","HS","1008 Allen St","3","2","0","2.0","1","1982","0.13770","1,293","$249,000","$192.58","$176.33","$228,000","02/21/2024","61","61"
"1","3996054","C","HS","305 Magnolia Dr","3","2","0","1.0","1","1970","0.28020","1,014","$230,000","$226.82","$226.82","$230,000","04/17/2024","12","12"
"1","6380667","C","HS","420 Spiny Lizard Ln","2","2","0","0.0","1","2018","0.09900","1,026","$243,000","$236.84","$229.04","$235,000","01/03/2024","68","189"
"1","9527687","C","HS","721 Barbara Dr","3","2","0","0.0","1","1964","0.19200","1,140","$245,000","$214.91","$206.14","$235,000","02/13/2024","127","126"
"1","6260287","C","HS","308 Saltillo St","3","2","0","0.0","1","2009","0.16600","1,300","$240,000","$184.62","$181.92","$236,500","10/24/2023","55","54"
"1","2320326","C","HS","260 Newberry Trl","2","2","1","2.0","2","2006","0.12000","1,296","$249,900","$192.82","$185.19","$240,000","02/26/2024","8","7"
"1","8112039","C","HS","131 Wild Plum","3","2","0","2.0","1","2009","0.13590","1,190","$250,000","$210.08","$210.08","$250,000","03/18/2024","7","6"
"1","4686637","C","HS","417 Parker Dr Unit #0","5","2","1","0.0","1","1970","0.21200","1,436","$274,900","$191.43","$180.01","$258,500","03/29/2024","59","58"
"1","6478369","C","HS","229 Wisteria Way","3","2","0","2.0","1","2010","0.14120","1,685","$260,000","$154.30","$154.30","$260,000","03/27/2024","45","45"
"1","2359942","C","HS","301 Teron Dr","3","2","0","2.0","1","2013","0.13910","1,490","$279,500","$187.58","$175.17","$261,000","02/05/2024","146","145"
"1","1626185","C","HS","217 Duck Creek Trl","3","2","1","0.0","2","2022","0.08100","1,303","$275,000","$211.05","$201.84","$263,000","12/27/2023","340","340"
"1","2585131","C","HS","1128 Overlook Way","3","2","0","2.0","1","2002","0.09780","1,144","$269,000","$235.14","$231.64","$265,000","12/20/2023","93","92"
"1","8100696","C","HS","161 Duck Creek Trl","2","2","1","2.0","2","2023","0.08400","1,190","$289,000","$242.86","$226.89","$270,000","03/15/2024","92","92"
"1","9335882","C","HS","156 Snapdragon Ln","3","2","0","2.0","1","2021","0.10600","1,510","$283,000","$187.42","$178.81","$270,000","11/06/2023","19","19"
"1","9847172","C","HS","305 Calgary Ln","3","2","0","2.0","1","2023","0.11000","1,293","$274,990","$212.68","$209.58","$270,990","11/17/2023","2","2"
"1","5449593","C","HS","241 Duck Creek Trl","3","2","1","0.0","2","2022","0.08100","1,321","$289,900","$219.45","$206.66","$273,000","11/30/2023","287","287"
"1","9637032","C","HS","218 Teron Dr","3","2","0","2.0","1","2013","0.17040","1,354","$287,900","$212.63","$206.43","$279,500","11/07/2023","7","6"
"1","2268062","C","HS","120 Finn Trl","4","2","1","2.0","2","2019","0.19950","2,337","$275,000","$117.67","$119.81","$280,000","12/05/2023","2","2"
"1","9800244","C","HS","181 Cazador Dr","3","2","0","2.0","1","2014","0.14130","1,354","$295,000","$217.87","$208.64","$282,500","03/07/2024","88","88"
"1","3519556","C","HS","207 Sherwood St","3","2","0","0.0","1","1955","0.17490","1,338","$299,000","$223.47","$213.00","$285,000","11/13/2023","26","98"
"1","2400623","C","HS","109 Shugart St","3","2","0","2.0","1","2023","0.13700","1,322","$287,844","$217.73","$217.73","$287,844","12/22/2023","22","22"
"1","1860891","C","HS","238 Rush Hvn","3","3","0","2.0","2","2008","0.10580","1,520","$289,000","$190.13","$190.13","$289,000","02/27/2024","80","78"
"1","7369170","C","HS","409 Shadowpoint","3","2","1","2.0","2","2005","0.11880","1,636","$300,000","$183.37","$177.26","$290,000","03/11/2024","12","12"
"1","1162643","C","HS","160 Edward R. Gaytan St","3","2","0","2.0","1","2023","0.13800","1,322","$295,880","$223.81","$221.63","$293,000","12/01/2023","282","282"
"1","1912790","C","HS","115 Teron Dr","3","2","0","2.0","1","2004","0.17200","1,536","$285,000","$185.55","$191.08","$293,500","02/16/2024","11","10"
"1","2383705","C","HS","147 Shugart St","3","2","0","2.0","1","2023","0.15400","1,322","$294,990","$223.14","$223.14","$294,990","11/29/2023","15","15"
"1","4961185","C","HS","1104 Overlook Way","3","2","0","2.0","1","1999","0.13000","1,208","$299,500","$247.93","$244.21","$295,000","03/15/2024","14","14"
"1","3194197","C","HS","241 Linden Ln","4","2","0","2.0","1","2013","0.16000","1,650","$295,000","$178.79","$178.79","$295,000","02/14/2024","7","7"
"1","7123020","C","HS","426 Lance Trl","4","2","0","2.0","1","2020","0.14890","1,546","$295,000","$190.82","$190.82","$295,000","04/11/2024","219","211"
"1","2788211","C","HS","161 Tallow Trl","3","2","1","2.0","2","2016","0.09000","1,983","$309,000","$155.82","$148.76","$295,000","11/30/2023","123","123"
"1","1286564","C","HS","213 Lake Gln","3","2","1","2.0","2","2016","0.11000","1,863","$299,400","$160.71","$160.71","$299,400","10/25/2023","9","70"
"1","9647697","C","HS","112 BRODY Ln","4","2","1","2.0","1","2023","0.14300","1,831","$309,990","$169.30","$163.84","$300,000","12/18/2023","3","3"
"1","9791699","C","HS","417 Hunter Ridge Rd","3","2","0","1.0","1","1994","0.69400","1,468","$318,000","$216.62","$204.36","$300,000","04/05/2024","41","41"
"1","1445598","C","HS","420 MERRIMAN Rd","3","2","0","2.0","1","2023","0.13600","1,407","$322,730","$229.37","$213.92","$300,990","01/30/2024","65","65"
"1","4955073","C","HS","108 Dolly St","3","2","0","2.0","1","2001","0.16570","1,441","$274,900","$190.77","$209.58","$302,000","03/19/2024","6","6"
"1","8026695","C","HS","1327 PLYMOUTH Rd","3","2","0","2.0","1","2023","0.11000","1,489","$313,990","$210.87","$202.90","$302,120","12/21/2023","58","58"
"1","9963024","C","HS","120 NEW HAVEN","3","2","0","2.0","1","2023","0.10100","1,319","$303,990","$230.47","$230.47","$303,990","02/29/2024","53","53"
"1","5605043","C","HS","229 FAIRFAX Ave","3","2","0","2.0","1","2022","0.11000","1,530","$329,232","$215.18","$198.84","$304,232","10/23/2023","255","255"
"1","8560738","C","HS","108 Rollingwood Dr","3","2","0","2.0","1","2023","0.08300","1,108","$305,000","$275.27","$275.27","$305,000","01/19/2024","0","0"
"1","3963137","C","HS","2225 Garden Ct","3","2","0","2.0","1","2004","0.12400","2,046","$340,000","$166.18","$149.07","$305,000","01/09/2024","25","25"
"1","5803878","C","HS","221 ASHFORD St","3","2","0","2.0","1","2023","0.11000","1,489","$311,990","$209.53","$204.84","$305,000","01/26/2024","35","35"
"1","4996463","C","HS","241 Newberry Trl","3","2","1","2.0","2","2006","0.13650","2,182","$315,000","$144.36","$139.78","$305,000","01/29/2024","59","59"
"1","2223474","C","HS","1308 PLYMOUTH Rd","3","2","0","2.0","1","2023","0.10100","1,489","$308,990","$207.52","$207.52","$308,990","02/26/2024","33","33"
"1","8564528","C","HS","140 Thunder Oak St","3","2","0","2.0","1","2023","0.14600","1,450","$309,350","$213.34","$213.34","$309,350","03/28/2024","141","141"
"1","8238158","C","HS","2039 Lisa Ln","3","2","1","2.0","2","2004","0.15000","1,376","$329,000","$239.10","$225.29","$310,000","03/20/2024","97","93"
"1","2275720","C","HS","1809 Pearce Ct","3","2","1","2.0","2","1999","0.10480","1,449","$310,000","$213.94","$213.94","$310,000","02/02/2024","101","98"
"1","1980124","C","HS","207 Cazador Dr","4","2","1","2.0","2","2004","0.20950","2,514","$319,500","$127.09","$123.71","$311,000","03/22/2024","54","53"
"1","6821185","C","HS","805 Lago Vista St","3","2","0","2.0","1","2000","0.15700","2,049","$320,000","$156.17","$153.73","$315,000","03/13/2024","36","36"
"1","2662524","C","HS","128 Spiny Lizard Ln","3","2","0","2.0","1","2022","0.16300","1,383","$315,000","$227.77","$227.77","$315,000","12/29/2023","245","245"
"1","2491512","C","HS","641 JANE LONG Dr","3","2","0","2.0","1","2023","0.14200","1,407","$324,665","$230.75","$225.42","$317,165","03/07/2024","166","166"
"1","6693323","C","HS","116 Dolly St","3","2","1","2.0","2","2003","0.20200","2,098","$329,900","$157.24","$152.05","$319,000","01/04/2024","166","166"
"1","8584839","C","HS","220 Moonrise Dr","4","2","1","2.0","1","2020","0.16470","1,831","$329,990","$180.22","$174.77","$320,000","02/15/2024","13","13"
"1","7268471","C","HS","708 Oregon St","4","2","0","0.0","1","2001","0.18370","1,324","$325,000","$245.47","$241.69","$320,000","11/17/2023","30","30"
"1","3183808","C","HS","105 Shugart St","3","2","0","2.0","1","2023","0.18200","1,450","$324,150","$223.55","$221.12","$320,628","10/31/2023","28","28"
"1","6158380","C","HS","124 Edward R Gaytan St","3","2","0","2.0","1","2023","0.14700","1,450","$322,280","$222.26","$222.15","$322,123","11/17/2023","47","47"
"1","9031640","C","HS","145 Scarborough Way","3","2","0","2.0","1","2023","0.09150","1,530","$334,990","$218.95","$212.41","$324,990","10/26/2023","97","97"
"1","1803931","C","HS","1331 PLYMOUTH Rd","3","2","0","2.0","1","2023","0.11000","1,530","$328,990","$215.03","$212.42","$325,000","12/18/2023","12","12"
"1","1487957","C","HS","455 WILSHIRE Rd","3","2","0","2.0","1","2023","0.12600","1,530","$333,990","$218.29","$212.57","$325,232","11/09/2023","319","319"
"1","5181353","C","HS","120 WINDSOR Blvd","4","2","1","2.0","2","2023","0.09400","2,036","$355,502","$174.61","$160.86","$327,502","11/14/2023","36","401"
"1","7351839","C","HS","128 Rexroat Rd","3","2","0","2.0","1","2023","0.19300","1,556","$327,910","$210.74","$210.74","$327,910","03/26/2024","149","149"
"1","8086368","C","HS","120 Edward R. Gaytan St","3","2","0","2.0","1","2023","0.14500","1,755","$329,720","$187.87","$187.87","$329,720","03/26/2024","98","98"
"1","8885297","C","HS","625 JANE LONG Dr","4","2","0","2.0","1","2023","0.14200","1,788","$349,300","$195.36","$187.17","$334,665","11/13/2023","94","94"
"1","6276207","C","HS","208 Harvard St","3","2","0","0.0","1","1955","0.29300","1,728","$365,000","$211.23","$193.87","$335,000","10/27/2023","28","28"
"1","7034178","C","HS","151 Shugart St","3","2","0","2.0","1","2023","0.15500","1,556","$336,740","$216.41","$216.41","$336,740","11/30/2023","71","71"
"1","6738863","C","HS","121 NEW HAVEN St","4","2","1","2.0","2","2024","0.10100","2,177","$363,990","$167.20","$155.71","$338,990","03/25/2024","33","33"
"1","9560915","C","HS","126 Algarita St","4","2","0","2.0","2","1973","0.30520","2,244","$339,000","$151.07","$151.52","$340,000","03/11/2024","0","0"
"1","3121237","C","HS","2210 Meadow View Dr","3","2","0","2.0","1","2015","0.14410","1,361","$350,000","$257.16","$249.82","$340,000","02/20/2024","50","48"
"1","7383462","C","HS","211 Harvard St","3","2","0","1.0","Multi/Split","1955","0.42720","1,723","$399,000","$231.57","$197.33","$340,000","11/30/2023","163","163"
"1","6959473","C","HS","1307 PLYMOUTH Rd","4","3","1","2.0","2","2023","0.12200","1,854","$368,270","$198.64","$184.22","$341,540","03/28/2024","24","24"
"1","1270190","C","HS","1324 PLYMOUTH Rd","3","2","1","2.0","2","2023","0.10100","1,813","$343,990","$189.74","$189.57","$343,682","11/17/2023","123","123"
"1","4381359","C","HS","144 Edward R. Gaytan St","3","2","0","2.0","1","2023","0.15400","1,755","$334,005","$190.32","$196.01","$344,005","03/28/2024","118","118"
"1","8646658","C","HS","155 Edward R. Gaytan St","3","2","0","2.0","1","2023","0.16500","1,450","$345,050","$237.97","$237.97","$345,050","11/29/2023","57","57"
"1","7890523","C","HS","105 Fairfax Ave","4","3","0","2.0","2","2021","0.22230","2,522","$358,000","$141.95","$137.59","$347,000","01/16/2024","66","64"
"1","9555499","C","HS","118 Cypress Ct","3","2","1","2.0","2","2003","0.13810","2,248","$340,000","$151.25","$154.58","$347,500","03/05/2024","137","137"
"1","2771744","C","HS","152 Edward R. Gaytan St","3","2","0","2.0","1","2023","0.15600","1,556","$348,660","$224.07","$224.07","$348,660","11/30/2023","94","94"
"1","4284582","C","HS","1117 Perkins St","3","2","0","2.0","1","2000","0.14910","1,564","$349,000","$223.15","$223.15","$349,000","02/29/2024","47","47"
"1","6105180","C","HS","141 Edward R. Gaytan St","3","2","0","2.0","1","2023","0.14000","1,556","$355,257","$228.31","$224.94","$350,000","10/31/2023","42","42"
"1","9453256","C","HS","104 E Sierra Cir","4","3","0","2.0","1","1979","0.36320","3,255","$375,000","$115.21","$107.53","$350,000","01/24/2024","28","28"
"1","3051539","C","HS","1319 PLYMOUTH Rd","4","2","1","2.0","2","2023","0.10000","2,036","$354,980","$174.35","$173.62","$353,497","11/06/2023","171","171"
"1","4553709","C","HS","638 JANE LONG Dr","4","3","0","2.0","2","2023","0.14500","2,164","$360,990","$166.82","$164.51","$355,990","03/28/2024","225","225"
"1","8268557","C","HS","733 Oscar Smith St","3","1","0","0.0","1.5","1950","0.18380","1,056","$365,000","$345.64","$338.54","$357,500","02/05/2024","57","56"
"1","2941832","C","HS","248 Shugart St","3","2","0","2.0","1","2023","0.17100","2,038","$377,520","$185.24","$175.98","$358,644","03/28/2024","114","114"
"1","8276318","C","HS","1334 Chestnut St","4","2","1","2.0","1","1973","0.44500","2,635","$375,000","$142.31","$136.62","$360,000","12/05/2023","14","13"
"1","7918508","C","HS","144 Thunder Oak St","3","2","1","2.0","2","2023","0.18600","1,950","$360,040","$184.64","$184.64","$360,040","03/29/2024","149","149"
"1","9954747","C","HS","120 Rexroat Rd","3","2","0","2.0","1","2023","0.19300","2,038","$360,690","$176.98","$176.98","$360,690","02/29/2024","97","97"
"1","5092983","C","HS","1337 N Lbj Dr","3","1","1","2.0","1","1957","0.38630","1,760","$374,900","$213.01","$205.11","$361,000","01/05/2024","24","24"
"1","5186279","C","HS","157 Werner Dr","5","3","1","2.0","2","2019","0.33610","2,662","$379,000","$142.37","$136.74","$364,000","12/13/2023","142","142"
"1","7738690","C","HS","408 MERRIMAN Rd","4","3","0","2.0","2","2023","0.15000","2,275","$383,120","$168.40","$160.44","$365,000","02/26/2024","24","24"
"1","7008437","C","HS","428 MILLBROOK Blvd","4","2","1","2.0","2","2022","0.11100","2,198","$372,990","$169.70","$166.06","$365,000","10/31/2023","273","273"
"1","4297216","C","HS","447 WILSHIRE Rd","4","2","1","2.0","2","2023","0.10100","2,177","$367,990","$169.04","$169.04","$367,990","11/08/2023","319","319"
"1","9027193","C","HS","128 ROSA Rd","4","3","0","2.0","1","2023","0.16000","2,034","$371,990","$182.89","$181.21","$368,590","03/27/2024","53","53"
"1","4519767","C","HS","113 BING Cir","4","3","0","2.0","2","2023","0.25000","2,272","$380,665","$167.55","$163.14","$370,665","04/01/2024","364","364"
"1","6887212","C","HS","1315 PLYMOUTH Rd","4","3","0","2.0","2","2023","0.10800","2,473","$384,990","$155.68","$151.63","$374,990","02/06/2024","247","247"
"1","4239524","C","HS","107 Spring Hollow St","3","2","0","2.0","1","1997","0.24600","1,622","$375,000","$231.20","$231.20","$375,000","02/16/2024","6","5"
"1","3603598","C","HS","2036 North View Dr","3","2","1","2.0","2","2002","0.27220","1,970","$390,000","$197.97","$192.89","$380,000","04/10/2024","6","6"
"1","8039729","C","HS","2043 Nevada St","4","2","1","2.0","2","2001","0.21340","2,041","$390,000","$191.08","$186.18","$380,000","02/15/2024","5","5"
"1","5550716","C","HS","212 Camino Verde","3","2","0","2.0","1","2023","0.16000","1,931","$388,990","$201.44","$196.79","$380,000","03/06/2024","99","99"
"1","3232414","C","HS","123 Canyon Rd","3","2","0","0.0","1","1957","0.36060","2,141","$389,000","$181.69","$181.69","$389,000","11/09/2023","7","52"
"1","5226039","C","HS","108 Lyndon Dr","5","2","1","2.0","2","2021","0.15700","2,647","$389,000","$146.96","$146.96","$389,000","11/20/2023","109","109"
"1","6773299","C","HS","104 Edward R. Gaytan St","3","2","0","2.0","1","2023","0.19500","2,038","$388,060","$190.41","$193.85","$395,060","12/01/2023","115","115"
"1","2539905","C","HS","244 Camino Verde","3","2","0","2.0","1","2023","0.14000","1,931","$395,130","$204.62","$204.62","$395,130","11/28/2023","0","0"
"1","2539152","C","HS","216 Camino Verde","3","2","0","2.0","2","2023","0.14000","2,091","$395,200","$189.00","$189.00","$395,200","01/22/2024","98","98"
"1","3182165","C","HS","116 Edward R. Gaytan St","5","2","1","2.0","2","2023","0.16500","2,595","$369,990","$142.58","$154.14","$400,000","11/30/2023","93","93"
"1","3939977","C","HS","120 Mary Max Cir","4","2","1","2.0","2","2018","0.18750","2,817","$429,999","$152.64","$142.53","$401,500","12/13/2023","94","91"
"1","2445212","C","HS","116 Rexroat Rd","5","3","1","2.0","2","2023","0.20000","2,595","$410,020","$158.00","$157.86","$409,640","11/14/2023","84","84"
"1","4037393","C","HS","1101 Clyde St","3","2","1","2.0","2","2023","0.17000","1,656","$434,000","$262.08","$248.97","$412,300","11/20/2023","99","99"
"1","3581822","C","HS","208 Camino Verde","4","3","0","2.0","2","2023","0.18000","2,442","$429,990","$176.08","$169.94","$415,000","03/28/2024","237","237"
"1","1971396","C","HS","420 TRAILING LANTANA Ln","3","2","0","2.0","1","2023","0.14900","2,078","$419,000","$201.64","$199.71","$415,000","01/24/2024","472","472"
"1","3928803","C","HS","2521 Missum Pt","3","2","0","2.0","1","2003","0.19830","1,850","$425,000","$229.73","$227.03","$420,000","02/20/2024","72","71"
"1","4609122","C","HS","109 Missouri Primrose Ln","3","2","0","2.0","1","2023","0.14700","1,647","$429,990","$261.07","$260.47","$429,000","03/11/2024","257","257"
"1","4907122","C","HS","1024 Teakmill Trl","3","2","0","2.0","1","2023","0.17000","1,754","$449,990","$256.55","$245.78","$431,100","01/26/2024","173","173"
"1","2852858","C","HS","116 Strawberry St","3","2","0","2.0","1","2019","0.17400","2,234","$449,900","$201.39","$194.72","$435,000","04/08/2024","54","53"
"1","9072550","C","HS","231 Camino Verde Dr","3","2","1","3.0","2","2023","0.14000","2,367","$448,380","$189.43","$189.43","$448,380","01/26/2024","0","0"
"1","1488870","C","HS","121 Camino Verde","4","3","0","2.0","2","2023","0.14000","2,573","$449,000","$174.50","$174.50","$449,000","12/08/2023","191","191"
"1","3016185","C","HS","235 Singing Sumac Way","2","2","0","2.0","1","2021","0.14400","1,679","$489,000","$291.24","$268.02","$450,000","04/16/2024","68","67"
"1","6703938","C","HS","420 TEAKMILL Trl","4","3","0","2.0","1","2023","0.14900","2,381","$450,000","$189.00","$189.00","$450,000","11/28/2023","429","429"
"1","2118848","C","HS","1417 Dancing Oak Ln","2","2","0","2.0","1","2023","0.14300","1,381","$486,405","$352.21","$329.47","$455,000","02/13/2024","198","198"
"1","7443098","C","HS","129 Missouri Primrose Ln","4","3","0","2.0","1","2023","0.14700","2,055","$479,990","$233.57","$222.63","$457,500","12/29/2023","189","144"
"1","4989451","C","HS","237 Heartleaf Rd","4","3","0","2.0","1","2023","0.14700","2,297","$459,990","$200.26","$200.26","$459,990","03/15/2024","262","262"
"1","3548268","C","HS","1253 Dancing Oak Ln","2","2","0","2.0","1","2023","0.12600","1,874","$494,266","$263.75","$249.20","$467,000","11/27/2023","183","183"
"1","2901342","C","HS","825 Teakmill Trl","4","3","0","2.0","1","2024","0.17100","2,515","$511,956","$203.56","$192.03","$482,956","03/07/2024","106","106"
"1","8221241","C","HS","732 Stagecoach Trl","3","2","0","2.0","1","1984","1.05000","1,835","$479,000","$261.04","$263.76","$484,000","12/13/2023","0","0"
"1","8248522","C","HS","1022 W Martin Luther King Dr","4","2","0","0.0","1","1945","0.41320","1,746","$495,000","$283.51","$277.78","$485,000","11/27/2023","42","42"
"1","5251971","C","HS","313 Playing Cypress Dr","2","2","0","2.0","1","2021","0.16900","1,406","$499,900","$355.55","$344.95","$485,000","11/22/2023","218","218"
"1","4978339","C","HS","1325 Dancing Oak Ln","2","2","0","2.0","1","2023","0.13100","1,998","$505,473","$252.99","$242.74","$485,000","11/10/2023","281","281"
"1","8974927","C","HS","1405 Dancing Oak Ln","2","2","0","2.0","1","2023","0.14500","1,689","$508,760","$301.22","$288.63","$487,500","12/14/2023","112","112"
"1","7539294","C","HS","236 Heartleaf Rd","4","3","0","2.0","2","2023","0.14000","2,680","$499,000","$186.19","$182.46","$489,000","10/27/2023","138","138"
"1","6202276","C","HS","115 Carolina Jasmine Dr","3","2","1","3.0","1","2024","0.18000","2,376","$494,028","$207.92","$207.92","$494,028","03/13/2024","115","115"
"1","1664125","C","HS","116 Frogfruit Way","3","2","0","3.0","1","2019","0.23300","2,114","$498,500","$235.81","$234.15","$495,000","04/16/2024","28","28"
"1","7497004","C","HS","316 Drawing Maple St","2","2","0","2.0","1","2020","0.12800","1,754","$495,000","$282.21","$282.21","$495,000","02/12/2024","15","14"
"1","2975994","C","HS","431 Playing Cypress Dr","2","2","1","2.0","1","2023","0.15200","1,860","$518,333","$278.67","$266.13","$495,000","04/03/2024","421","421"
"1","1755392","C","HS","1441 Dancing Oak Ln","2","2","0","2.0","1","2023","0.13200","1,679","$513,298","$305.72","$299.58","$503,000","01/29/2024","182","182"
"1","4169130","C","HS","435 Playing Cypress Dr","2","2","0","2.0","1","2022","0.12600","1,984","$523,810","$264.02","$253.53","$503,000","12/15/2023","379","379"
"1","9279127","C","HS","317 Drawing Maple St","2","2","0","2.0","1","2020","0.15200","1,827","$543,000","$297.21","$279.15","$510,000","12/04/2023","175","175"
"1","6580886","C","HS","817 Teakmill Trl","4","3","0","3.0","1","2023","0.10000","2,493","$509,900","$204.53","$205.38","$512,014","11/28/2023","202","202"
"1","4359080","C","HS","109 Pedaling Peak Cv","2","2","0","2.0","1","2023","0.15500","1,877","$536,062","$285.60","$273.31","$513,000","01/18/2024","108","108"
"1","2454639","C","HS","121 Country Cat Ln","4","3","0","2.0","1","2023","0.15000","2,484","$536,912","$216.15","$208.94","$519,000","12/07/2023","61","61"
"1","5341755","C","HS","411 Fountain Grass Dr","5","2","1","2.0","1","2023","0.14900","2,283","$552,721","$242.10","$228.65","$522,000","01/29/2024","67","67"
"1","4557924","C","HS","316 Hopping Peach St","2","2","0","2.0","1","2019","0.17670","1,754","$549,000","$313.00","$299.32","$525,000","03/25/2024","26","26"
"1","5772749","C","HS","204 Trotting Bear Ln","2","2","0","2.0","1","2023","0.15200","1,998","$543,200","$271.87","$263.72","$526,904","04/16/2024","105","105"
"1","9978618","C","HS","116 Heartleaf Rd","3","3","0","3.0","1","2021","0.19500","2,471","$539,900","$218.49","$213.27","$527,000","02/09/2024","57","56"
"1","9023028","C","HS","1004 Teakmill Trl","4","3","0","3.0","1","2023","0.18400","2,449","$534,990","$218.45","$218.45","$534,990","11/20/2023","78","78"
"1","4479287","C","HS","20 Timbercrest St","3","2","0","2.0","1","1975","0.50430","2,099","$535,000","$254.88","$254.88","$535,000","02/14/2024","69","69"
"1","7960401","C","HS","1371 Dancing Oak Ln","2","2","0","2.0","1","2023","0.15500","1,984","$561,652","$283.09","$271.67","$539,000","12/11/2023","284","284"
"1","3565977","C","HS","1144 Rusty Blackhaw Trl","4","3","0","3.0","1","2023","0.01000","2,493","$539,900","$216.57","$216.57","$539,900","02/12/2024","126","126"
"1","4213375","C","HS","1931 Mallorca Way","4","2","1","2.0","1","2019","0.22880","2,592","$555,000","$214.12","$208.33","$540,000","11/28/2023","184","183"
"1","7985050","C","HS","143 Drawing Maple St","2","2","0","2.0","1","2020","0.21600","1,827","$549,500","$300.77","$296.66","$542,000","04/09/2024","62","62"
"1","8185536","C","HS","407 Oak Ridge Dr","4","3","1","2.0","2","1985","0.36600","2,827","$575,000","$203.40","$194.55","$550,000","02/21/2024","91","91"
"1","4001676","C","HS","124 Trailing Lantana Ln","4","3","0","3.0","2","2024","0.29100","3,181","$604,196","$189.94","$172.90","$550,000","03/20/2024","92","92"
"1","9308490","C","HS","1316 ACADEMY OAKS Dr","3","2","1","3.0","1","2023","0.23900","2,910","$589,000","$202.41","$189.00","$550,000","12/21/2023","318","318"
"1","1557154","C","HS","104 Pedaling Peak Cv","2","2","1","2.0","1","2023","0.24900","2,150","$581,298","$270.37","$257.67","$554,000","10/25/2023","82","82"
"1","7739997","C","HS","1112 Rusty Blackhaw Trl","4","3","0","3.0","1","2023","0.01000","2,916","$564,900","$193.72","$191.86","$559,463","12/22/2023","188","188"
"1","5317435","C","HS","519 Teakmill Trl","3","3","1","3.0","1","2023","0.18200","2,746","$579,999","$211.22","$205.03","$562,999","02/21/2024","118","118"
"1","1714784","C","HS","1108 Rusty Blackhaw Trl","4","3","1","3.0","1","2023","0.01000","2,850","$583,900","$204.88","$198.12","$564,640","03/20/2024","182","182"
"1","8852073","C","HS","1313 ACADEMY OAKS Dr","4","4","0","3.0","1","2023","0.27100","2,879","$579,000","$201.11","$196.25","$565,000","01/23/2024","267","267"
"1","8714469","C","HS","1132 Rusty Blackhaw Trl","4","3","1","3.0","1","2023","0.01000","2,895","$567,900","$196.17","$196.17","$567,900","01/08/2024","186","186"
"1","2070974","C","HS","1423 Dancing Oak Ln","3","2","1","2.0","1","2023","0.17100","2,150","$582,919","$271.13","$267.44","$575,000","11/02/2023","98","98"
"1","3406744","C","HS","225 Carolina Jasmine Dr","5","4","1","3.0","2","2024","0.17700","3,496","$630,871","$180.46","$165.87","$579,871","02/26/2024","118","118"
"1","8277359","C","HS","2818 Mountain High Dr","3","2","0","2.0","1","2000","1.28000","1,994","$525,000","$263.29","$292.63","$583,500","10/27/2023","37","37"
"1","3171948","C","HS","236 Sweeping Sage Ln","2","2","0","2.0","1","2023","0.14400","1,797","$614,968","$342.22","$328.32","$590,000","11/28/2023","17","22"
"1","8102305","C","HS","217 RAINBOW VALLEY Trl","4","4","0","3.0","1","2023","0.25600","2,879","$599,000","$208.06","$206.32","$594,000","11/22/2023","524","524"
"1","3365538","C","HS","821 Teakmill Trl","4","3","1","3.0","1","2023","0.10000","3,257","$594,900","$182.65","$182.65","$594,900","11/20/2023","188","188"
"1","3197229","C","HS","1328 Academy Oaks Dr","4","4","0","4.0","1","2023","0.24400","2,879","$599,000","$208.06","$207.71","$598,000","03/19/2024","77","77"
"1","8427434","C","HS","216 N Johnson St","3","1","1","1.0","1","1948","0.23710","2,142","$599,000","$279.65","$279.65","$599,000","04/10/2024","126","126"
"1","8210947","C","HS","524 Teakmill Trl","4","3","1","3.0","1","2022","0.18500","3,258","$594,777","$182.56","$184.72","$601,830","01/30/2024","315","315"
"1","2529468","C","HS","116 Lambs Ear Path","4","3","0","2.0","1","2024","0.01000","2,574","$648,900","$252.10","$238.52","$613,950","04/15/2024","7","7"
"1","4330461","C","HS","228 Trotting Bear Ln","2","2","1","2.0","1","2023","0.15200","2,150","$648,333","$301.55","$287.21","$617,500","11/16/2023","110","110"
"1","4116750","C","HS","128 Lambs Ear Path","4","3","0","3.0","1","2024","0.01000","2,895","$625,900","$216.20","$215.89","$625,000","04/05/2024","0","0"
"1","6461825","C","HS","336 Pin Cherry Pass","4","3","1","3.0","2","2023","0.21200","3,399","$674,900","$198.56","$184.18","$626,039","10/27/2023","14","14"
"1","1114641","C","HS","844 Teakmill Trl","4","3","1","3.0","1","2023","0.01000","2,850","$649,900","$228.04","$220.42","$628,200","11/20/2023","111","111"
"1","3100769","C","HS","1233 Dancing Oak Ln","2","2","1","2.0","1","2022","0.19800","2,243","$635,000","$283.10","$283.10","$635,000","03/28/2024","136","136"
"1","4985895","C","HS","908 Teakmill Trl","4","3","0","3.0","1","2024","0.01000","2,895","$659,900","$227.94","$223.37","$646,662","02/19/2024","0","0"
"1","3956698","C","HS","416 Quiet Oak Rd","4","3","2","3.0","1.5","2022","0.33000","3,231","$659,990","$204.27","$201.17","$649,990","11/16/2023","484","484"
"1","3086034","C","HS","112 Big Muhly Pass","4","3","1","3.0","1","2024","0.20080","3,087","$655,763","$212.43","$213.14","$657,977","02/28/2024","31","31"
"1","8317692","C","HS","1127 Rusty Blackhaw Trl","4","4","1","3.0","2","2023","0.01000","3,400","$664,900","$195.56","$195.56","$664,900","12/22/2023","162","162"
"1","6846892","C","HS","2311 Ridgecrest St","4","3","0","2.0","1","1995","1.66000","3,103","$829,000","$267.16","$216.08","$670,500","12/20/2023","128","128"
"1","6225183","C","HS","2704 Mountain High Dr","4","2","1","3.0","2","1995","1.51000","2,510","$699,000","$278.49","$272.91","$685,000","04/17/2024","21","20"
"1","3415347","C","HS","228 Sweeping Sage Ln","2","2","0","2.0","1","2023","0.17600","2,109","$719,114","$340.97","$329.54","$695,000","01/19/2024","92","92"
"1","9465788","C","HS","139 Lambs Ear Path","4","3","0","3.0","1","2023","0.10000","2,916","$722,900","$247.91","$246.74","$719,498","01/22/2024","0","0"
"1","4388013","C","HS","204 Quiet Oak Rd","4","3","1","3.0","1","2023","0.32000","3,186","$749,990","$235.40","$226.93","$723,000","01/09/2024","233","233"
"1","7213479","C","HS","840 Teakmill Trl","4","3","0","3.0","1","2023","0.10000","2,895","$674,900","$233.13","$252.69","$731,544","11/28/2023","0","0"
"1","7625410","C","HS","328 Hopping Peach St","3","2","1","2.0","1","2018","0.23920","2,460","$765,000","$310.98","$300.61","$739,500","11/15/2023","75","75"
"1","8427181","C","HS","109 Daring Paintbrush Cv","3","3","1","2.0","1","2021","0.30800","2,360","$749,000","$317.37","$317.37","$749,000","03/28/2024","41","41"
"1","6552799","C","HS","3275 HILLIARD Rd Unit #E","5","3","0","2.0","1","2009","5.39000","3,644","$749,700","$205.74","$205.74","$749,700","12/29/2023","48","193"
"1","2940628","C","HS","321 Quiet Oak Rd","4","3","1","3.0","1","2023","0.26000","3,186","$759,990","$238.54","$238.54","$759,990","11/27/2023","93","93"
"1","5036947","C","HS","125 Leaning Quarry Dr","2","2","1","2.0","1","2023","0.24400","2,200","$800,708","$363.96","$353.05","$776,706","01/17/2024","171","171"
"1","8217882","C","HS","1238 Dancing Oak Ln","2","2","1","2.0","1","2023","0.23000","2,217","$819,870","$369.81","$350.92","$778,000","12/13/2023","224","224"
"1","4112967","C","HS","368 Condor Dr","3","2","1","2.0","1","2014","6.00000","2,446","$780,000","$318.89","$318.89","$780,000","03/29/2024","196","196"
"1","9956891","C","HS","310 Summer Mountain Dr","3","2","0","4.0","1","1995","5.00000","2,771","$799,000","$288.34","$282.03","$781,500","02/28/2024","157","157"
"1","3202359","C","HS","224 Sweeping Sage Ln","3","3","0","2.0","1","2023","0.20600","2,499","$829,445","$331.91","$321.95","$804,562","03/25/2024","190","190"
"1","2862157","C","HS","8155 Ranch Road 12","4","2","1","2.0","1","2018","5.00000","2,038","$824,900","$404.76","$395.00","$805,000","02/01/2024","14","9"
"1","6093466","C","HS","1222 Mustang Ln","4","2","0","2.0","1","2016","3.05400","2,281","$875,000","$383.60","$383.60","$875,000","04/15/2024","16","15"
"1","8087776","C","HS","137 Summer Mountain Dr","3","3","0","15.0","2","2000","10.00000","2,000","$899,000","$449.50","$437.50","$875,000","02/20/2024","147","147"
"1","7445924","C","HS","109 Smoky Mountain Dr","3","2","1","4.0","1","2015","5.00000","2,255","$995,000","$441.24","$425.72","$960,000","02/22/2024","39","95"
"1","1407919","C","HS","712 Willow Ridge Dr","7","6","1","3.0","2","1982","3.64100","8,215","$1,699,999","$206.94","$200.85","$1,650,000","03/11/2024","163","549"
"1","4790943","C","HS","1375 Bridlewood Ranches Dr","3","2","1","2.0","1","2012","24.44000","3,322","$1,940,000","$583.99","$556.89","$1,850,000","03/28/2024","203","203"
"1","5358923","C","HS","1099 Lovejoy Ln","5","3","1","4.0","2","2019","38.14100","5,465","$2,499,000","$457.27","$466.61","$2,550,000","04/11/2024","118","590"
"1","8719259","C","HS","3021 Bridlewood Ranches Dr","4","4","1","5.0","1","2014","20.43000","5,500","$3,449,900","$627.25","$550.00","$3,025,000","04/15/2024","78","78"
